
-- ----------------------------
-- Table structure for code_column
-- ----------------------------
DROP TABLE IF EXISTS code_column;
CREATE TABLE if not exists "code_column"
(
    "column_id" bigint GENERATED BY DEFAULT AS IDENTITY,
    "table_name" varchar(180) NULL,
    "column_name" varchar(255) NULL,
    "column_type" varchar(255) NULL,
    "dict_name" varchar(255) NULL,
    "extra" varchar(255) NULL,
    "form_show" bit(1) NULL,
    "form_type" varchar(255) NULL,
    "key_type" varchar(255) NULL,
    "list_show" bit(1) NULL,
    "not_null" bit(1) NULL,
    "query_type" varchar(255) NULL,
    "remark" varchar(255) NULL,
    "date_annotation" varchar(255) NULL
);

COMMENT ON TABLE "code_column" IS '代码生成字段信息存储';
COMMENT ON COLUMN "code_column"."column_id" IS 'ID';
COMMENT ON COLUMN "code_column"."table_name" IS '表名';
COMMENT ON COLUMN "code_column"."column_name" IS '数据库字段名称';
COMMENT ON COLUMN "code_column"."column_type" IS '数据库字段类型';
COMMENT ON COLUMN "code_column"."dict_name" IS '字典名称';
COMMENT ON COLUMN "code_column"."extra" IS '字段额外的参数';
COMMENT ON COLUMN "code_column"."form_show" IS '是否表单显示';
COMMENT ON COLUMN "code_column"."form_type" IS '表单类型';
COMMENT ON COLUMN "code_column"."key_type" IS '数据库字段键类型';
COMMENT ON COLUMN "code_column"."list_show" IS '是否在列表显示';
COMMENT ON COLUMN "code_column"."not_null" IS '是否为空';
COMMENT ON COLUMN "code_column"."query_type" IS '查询类型';
COMMENT ON COLUMN "code_column"."remark" IS '描述';
COMMENT ON COLUMN "code_column"."date_annotation" IS '日期注解';

-- 主键
alter table "code_column" add constraint pk_code_column primary key ("column_id");

-- ----------------------------
-- Table structure for code_config
-- ----------------------------
DROP TABLE IF EXISTS code_config;
CREATE TABLE if not exists "code_config"
(
    "config_id" bigint GENERATED BY DEFAULT AS IDENTITY,
    "table_name" varchar(255) NULL,
    "author" varchar(255) NULL,
    "cover" bit(1) NULL,
    "module_name" varchar(255) NULL,
    "pack" varchar(255) NULL,
    "path" varchar(255) NULL,
    "api_path" varchar(255) NULL,
    "prefix" varchar(255) NULL,
    "api_alias" varchar(255) NULL
);

COMMENT ON TABLE "code_config" IS '代码生成器配置';
COMMENT ON COLUMN "code_config"."config_id" IS 'ID';
COMMENT ON COLUMN "code_config"."table_name" IS '表名';
COMMENT ON COLUMN "code_config"."author" IS '作者';
COMMENT ON COLUMN "code_config"."cover" IS '是否覆盖';
COMMENT ON COLUMN "code_config"."module_name" IS '模块名称';
COMMENT ON COLUMN "code_config"."pack" IS '至于哪个包下';
COMMENT ON COLUMN "code_config"."path" IS '前端代码生成的路径';
COMMENT ON COLUMN "code_config"."api_path" IS '前端Api文件路径';
COMMENT ON COLUMN "code_config"."prefix" IS '表前缀';
COMMENT ON COLUMN "code_config"."api_alias" IS '接口名称';

-- 主键
alter table "code_config" add constraint pk_code_config primary key ("config_id");


-- ----------------------------
-- Table structure for mnt_app
-- ----------------------------
DROP TABLE IF EXISTS mnt_app;
CREATE TABLE if not exists "mnt_app"
(
    "app_id" bigint GENERATED BY DEFAULT AS IDENTITY,
    "name" varchar(255) NULL,
    "upload_path" varchar(255) NULL,
    "deploy_path" varchar(255) NULL,
    "backup_path" varchar(255) NULL,
    "port" int NULL,
    "start_script" varchar(4000) NULL,
    "deploy_script" varchar(4000) NULL,
    "create_by" varchar(255) NULL,
    "update_by" varchar(255) NULL,
    "create_time" timestamp NULL DEFAULT CURRENT_TIMESTAMP,
    "update_time" timestamp NULL DEFAULT CURRENT_TIMESTAMP
);

COMMENT ON TABLE "mnt_app" IS '应用管理';
COMMENT ON COLUMN "mnt_app"."app_id" IS 'ID';
COMMENT ON COLUMN "mnt_app"."name" IS '应用名称';
COMMENT ON COLUMN "mnt_app"."upload_path" IS '上传目录';
COMMENT ON COLUMN "mnt_app"."deploy_path" IS '部署路径';
COMMENT ON COLUMN "mnt_app"."backup_path" IS '备份路径';
COMMENT ON COLUMN "mnt_app"."port" IS '应用端口';
COMMENT ON COLUMN "mnt_app"."start_script" IS '启动脚本';
COMMENT ON COLUMN "mnt_app"."deploy_script" IS '部署脚本';
COMMENT ON COLUMN "mnt_app"."create_by" IS '创建者';
COMMENT ON COLUMN "mnt_app"."update_by" IS '更新者';
COMMENT ON COLUMN "mnt_app"."create_time" IS '创建日期';
COMMENT ON COLUMN "mnt_app"."update_time" IS '更新时间';

-- 主键
alter table "mnt_app" add constraint pk_mnt_app primary key ("app_id");

-- ----------------------------
-- Records of mnt_app
-- ----------------------------
BEGIN;
COMMIT;

-- ----------------------------
-- Table structure for mnt_database
-- ----------------------------
DROP TABLE IF EXISTS mnt_database;
CREATE TABLE if not exists "mnt_database"
(
    "db_id" varchar(50) NOT NULL,
    "name" varchar(255) NOT NULL,
    "jdbc_url" varchar(255) NOT NULL,
    "user_name" varchar(255) NOT NULL,
    "pwd" varchar(255) NOT NULL,
    "create_by" varchar(255) NULL,
    "update_by" varchar(255) NULL,
    "create_time" timestamp NULL DEFAULT CURRENT_TIMESTAMP,
    "update_time" timestamp NULL DEFAULT CURRENT_TIMESTAMP
);

COMMENT ON TABLE "mnt_database" IS '数据库管理';
COMMENT ON COLUMN "mnt_database"."db_id" IS 'ID';
COMMENT ON COLUMN "mnt_database"."name" IS '名称';
COMMENT ON COLUMN "mnt_database"."jdbc_url" IS 'jdbc连接';
COMMENT ON COLUMN "mnt_database"."user_name" IS '账号';
COMMENT ON COLUMN "mnt_database"."pwd" IS '密码';
COMMENT ON COLUMN "mnt_database"."create_by" IS '创建者';
COMMENT ON COLUMN "mnt_database"."update_by" IS '更新者';
COMMENT ON COLUMN "mnt_database"."create_time" IS '创建时间';
COMMENT ON COLUMN "mnt_database"."update_time" IS '更新时间';

-- 主键
alter table "mnt_database" add constraint pk_mnt_database primary key ("db_id");


-- ----------------------------
-- Table structure for mnt_deploy
-- ----------------------------
DROP TABLE IF EXISTS mnt_deploy;
CREATE TABLE if not exists "mnt_deploy"
(
    "deploy_id" bigint GENERATED BY DEFAULT AS IDENTITY,
    "app_id" bigint NULL,
    "create_by" varchar(255) NULL,
    "update_by" varchar(255) NULL,
    "create_time" timestamp NULL DEFAULT CURRENT_TIMESTAMP,
    "update_time" timestamp NULL DEFAULT CURRENT_TIMESTAMP
);

COMMENT ON TABLE "mnt_deploy" IS '部署管理';
COMMENT ON COLUMN "mnt_deploy"."deploy_id" IS 'ID';
COMMENT ON COLUMN "mnt_deploy"."app_id" IS '应用编号';
COMMENT ON COLUMN "mnt_deploy"."create_by" IS '创建者';
COMMENT ON COLUMN "mnt_deploy"."update_by" IS '更新者';
COMMENT ON COLUMN "mnt_deploy"."update_time" IS '更新时间';

-- 主键
alter table "mnt_deploy" add constraint pk_mnt_deploy primary key ("deploy_id");


-- ----------------------------
-- Table structure for mnt_deploy_history
-- ----------------------------
DROP TABLE IF EXISTS mnt_deploy_history;
CREATE TABLE if not exists "mnt_deploy_history"
(
    "history_id" varchar(50) NOT NULL,
    "app_name" varchar(255) NOT NULL,
    "deploy_date" timestamp NOT NULL,
    "deploy_user" varchar(50) NOT NULL,
    "ip" varchar(20) NOT NULL,
    "deploy_id" bigint NULL
);

COMMENT ON TABLE "mnt_deploy_history" IS '部署历史管理';
COMMENT ON COLUMN "mnt_deploy_history"."history_id" IS 'ID';
COMMENT ON COLUMN "mnt_deploy_history"."app_name" IS '应用名称';
COMMENT ON COLUMN "mnt_deploy_history"."deploy_date" IS '部署日期';
COMMENT ON COLUMN "mnt_deploy_history"."deploy_user" IS '部署用户';
COMMENT ON COLUMN "mnt_deploy_history"."ip" IS '服务器IP';
COMMENT ON COLUMN "mnt_deploy_history"."deploy_id" IS '部署编号';

-- 主键
alter table "mnt_deploy_history" add constraint pk_mnt_deploy_history primary key ("history_id");

-- ----------------------------
-- Table structure for mnt_deploy_server
-- ----------------------------
DROP TABLE IF EXISTS mnt_deploy_server;
CREATE TABLE if not exists "mnt_deploy_server"
(
    "deploy_id" bigint NOT NULL,
    "server_id" bigint NOT NULL
);

COMMENT ON TABLE "mnt_deploy_server" IS '应用与服务器关联';
COMMENT ON COLUMN "mnt_deploy_server"."deploy_id" IS '部署ID';
COMMENT ON COLUMN "mnt_deploy_server"."server_id" IS '服务ID';

-- 主键
alter table "mnt_deploy_server" add constraint mnt_deploy_server_pkey primary key ("deploy_id", "server_id");



-- ----------------------------
-- Table structure for mnt_server
-- ----------------------------
DROP TABLE IF EXISTS mnt_server;
CREATE TABLE if not exists "mnt_server"
(
    "server_id" bigint GENERATED BY DEFAULT AS IDENTITY,
    "account" varchar(50) NULL,
    "ip" varchar(20) NULL,
    "name" varchar(100) NULL,
    "password" varchar(100) NULL,
    "port" int NULL,
    "create_by" varchar(255) NULL,
    "update_by" varchar(255) NULL,
    "create_time" timestamp NULL DEFAULT CURRENT_TIMESTAMP,
    "update_time" timestamp NULL DEFAULT CURRENT_TIMESTAMP
);

COMMENT ON TABLE "mnt_server" IS '服务器管理';
COMMENT ON COLUMN "mnt_server"."server_id" IS 'ID';
COMMENT ON COLUMN "mnt_server"."account" IS '账号';
COMMENT ON COLUMN "mnt_server"."ip" IS 'IP地址';
COMMENT ON COLUMN "mnt_server"."name" IS '名称';
COMMENT ON COLUMN "mnt_server"."password" IS '密码';
COMMENT ON COLUMN "mnt_server"."port" IS '端口';
COMMENT ON COLUMN "mnt_server"."create_by" IS '创建者';
COMMENT ON COLUMN "mnt_server"."update_by" IS '更新者';
COMMENT ON COLUMN "mnt_server"."create_time" IS '创建时间';
COMMENT ON COLUMN "mnt_server"."update_time" IS '更新时间';

-- 主键
alter table "mnt_server"
add constraint pk_mnt_server primary key ("server_id");

-- ----------------------------
-- Table structure for sys_dept
-- ----------------------------
DROP TABLE IF EXISTS sys_dept;
CREATE TABLE if not exists "sys_dept"
(
    "dept_id" bigint GENERATED BY DEFAULT AS IDENTITY,
    "pid" bigint NULL,
    "sub_count" int NULL,
    "name" varchar(255) NOT NULL,
    "dept_sort" int NULL,
    "enabled" bit(1) NOT NULL,
    "create_by" varchar(255) NULL,
    "update_by" varchar(255) NULL,
    "create_time" timestamp NULL DEFAULT CURRENT_TIMESTAMP,
    "update_time" timestamp NULL DEFAULT CURRENT_TIMESTAMP
);

COMMENT ON TABLE "sys_dept" IS '部门';
COMMENT ON COLUMN "sys_dept"."dept_id" IS 'ID';
COMMENT ON COLUMN "sys_dept"."pid" IS '上级部门';
COMMENT ON COLUMN "sys_dept"."sub_count" IS '子部门数目';
COMMENT ON COLUMN "sys_dept"."name" IS '名称';
COMMENT ON COLUMN "sys_dept"."dept_sort" IS '排序';
COMMENT ON COLUMN "sys_dept"."enabled" IS '状态';
COMMENT ON COLUMN "sys_dept"."create_by" IS '创建者';
COMMENT ON COLUMN "sys_dept"."update_by" IS '更新者';
COMMENT ON COLUMN "sys_dept"."create_time" IS '创建日期';
COMMENT ON COLUMN "sys_dept"."update_time" IS '更新时间';

-- 主键
alter table "sys_dept"
add constraint pk_sys_dept primary key ("dept_id");

-- ----------------------------
-- Records of sys_dept
-- ----------------------------
BEGIN;
INSERT INTO sys_dept (dept_id, pid, sub_count, name, dept_sort, enabled, create_by, update_by, create_time, update_time) VALUES (2, 7, 1, '研发部', 3, b'1', 'admin', 'admin', '2019-03-25 09:15:32', '2020-08-02 14:48:47');
INSERT INTO sys_dept (dept_id, pid, sub_count, name, dept_sort, enabled, create_by, update_by, create_time, update_time) VALUES (5, 7, 0, '运维部', 4, b'1', 'admin', 'admin', '2019-03-25 09:20:44', '2020-05-17 14:27:27');
INSERT INTO sys_dept (dept_id, pid, sub_count, name, dept_sort, enabled, create_by, update_by, create_time, update_time) VALUES (6, 8, 0, '测试部', 6, b'1', 'admin', 'admin', '2019-03-25 09:52:18', '2020-06-08 11:59:21');
INSERT INTO sys_dept (dept_id, pid, sub_count, name, dept_sort, enabled, create_by, update_by, create_time, update_time) VALUES (7, NULL, 2, '华南分部', 0, b'1', 'admin', 'admin', '2019-03-25 11:04:50', '2020-06-08 12:08:56');
INSERT INTO sys_dept (dept_id, pid, sub_count, name, dept_sort, enabled, create_by, update_by, create_time, update_time) VALUES (8, NULL, 2, '华北分部', 1, b'1', 'admin', 'admin', '2019-03-25 11:04:53', '2020-05-14 12:54:00');
INSERT INTO sys_dept (dept_id, pid, sub_count, name, dept_sort, enabled, create_by, update_by, create_time, update_time) VALUES (15, 8, 0, 'UI部门', 7, b'1', 'admin', 'admin', '2020-05-13 22:56:53', '2020-05-14 12:54:13');
INSERT INTO sys_dept (dept_id, pid, sub_count, name, dept_sort, enabled, create_by, update_by, create_time, update_time) VALUES (17, 2, 0, '研发一组', 999, b'1', 'admin', 'admin', '2020-08-02 14:49:07', '2020-08-02 14:49:07');
COMMIT;

-- ----------------------------
-- Table structure for sys_dict
-- ----------------------------
DROP TABLE IF EXISTS sys_dict;
CREATE TABLE if not exists "sys_dict"
(
    "dict_id" bigint GENERATED BY DEFAULT AS IDENTITY,
    "name" varchar(255) NOT NULL,
    "description" varchar(255) NULL,
    "create_by" varchar(255) NULL,
    "update_by" varchar(255) NULL,
    "create_time" timestamp NULL DEFAULT CURRENT_TIMESTAMP,
    "update_time" timestamp NULL DEFAULT CURRENT_TIMESTAMP
);

COMMENT ON TABLE "sys_dict" IS '数据字典';
COMMENT ON COLUMN "sys_dict"."dict_id" IS 'ID';
COMMENT ON COLUMN "sys_dict"."name" IS '字典名称';
COMMENT ON COLUMN "sys_dict"."description" IS '描述';
COMMENT ON COLUMN "sys_dict"."create_by" IS '创建者';
COMMENT ON COLUMN "sys_dict"."update_by" IS '更新者';
COMMENT ON COLUMN "sys_dict"."create_time" IS '创建日期';
COMMENT ON COLUMN "sys_dict"."update_time" IS '更新时间';

-- 主键
alter table "sys_dict"
add constraint pk_sys_dict primary key ("dict_id");

-- ----------------------------
-- Records of sys_dict
-- ----------------------------
BEGIN;
INSERT INTO sys_dict (dict_id, name, description, create_by, update_by, create_time, update_time) VALUES (1, 'user_status', '用户状态', NULL, NULL, '2019-10-27 20:31:36', NULL);
INSERT INTO sys_dict (dict_id, name, description, create_by, update_by, create_time, update_time) VALUES (4, 'dept_status', '部门状态', NULL, NULL, '2019-10-27 20:31:36', NULL);
INSERT INTO sys_dict (dict_id, name, description, create_by, update_by, create_time, update_time) VALUES (5, 'job_status', '岗位状态', NULL, 'admin', '2019-10-27 20:31:36', '2025-01-14 15:48:29');
COMMIT;

-- ----------------------------
-- Table structure for sys_dict_detail
-- ----------------------------
DROP TABLE IF EXISTS sys_dict_detail;
CREATE TABLE if not exists "sys_dict_detail"
(
    "detail_id" bigint GENERATED BY DEFAULT AS IDENTITY,
    "dict_id" bigint NULL,
    "label" varchar(255) NOT NULL,
    "value" varchar(255) NOT NULL,
    "dict_sort" int NULL,
    "create_by" varchar(255) NULL,
    "update_by" varchar(255) NULL,
    "create_time" timestamp NULL DEFAULT CURRENT_TIMESTAMP,
    "update_time" timestamp NULL DEFAULT CURRENT_TIMESTAMP
);

COMMENT ON TABLE "sys_dict_detail" IS '数据字典详情';
COMMENT ON COLUMN "sys_dict_detail"."detail_id" IS 'ID';
COMMENT ON COLUMN "sys_dict_detail"."dict_id" IS '字典id';
COMMENT ON COLUMN "sys_dict_detail"."label" IS '字典标签';
COMMENT ON COLUMN "sys_dict_detail"."value" IS '字典值';
COMMENT ON COLUMN "sys_dict_detail"."dict_sort" IS '排序';
COMMENT ON COLUMN "sys_dict_detail"."create_by" IS '创建者';
COMMENT ON COLUMN "sys_dict_detail"."update_by" IS '更新者';
COMMENT ON COLUMN "sys_dict_detail"."create_time" IS '创建日期';
COMMENT ON COLUMN "sys_dict_detail"."update_time" IS '更新时间';

-- 主键
alter table "sys_dict_detail"
add constraint pk_sys_dict_detail primary key ("detail_id");

-- ----------------------------
-- Records of sys_dict_detail
-- ----------------------------
BEGIN;
INSERT INTO sys_dict_detail (detail_id, dict_id, label, value, dict_sort, create_by, update_by, create_time, update_time) VALUES (1, 1, '激活', 'true', 1, NULL, NULL, '2019-10-27 20:31:36', NULL);
INSERT INTO sys_dict_detail (detail_id, dict_id, label, value, dict_sort, create_by, update_by, create_time, update_time) VALUES (2, 1, '禁用', 'false', 2, NULL, NULL, NULL, NULL);
INSERT INTO sys_dict_detail (detail_id, dict_id, label, value, dict_sort, create_by, update_by, create_time, update_time) VALUES (3, 4, '启用', 'true', 1, NULL, NULL, NULL, NULL);
INSERT INTO sys_dict_detail (detail_id, dict_id, label, value, dict_sort, create_by, update_by, create_time, update_time) VALUES (4, 4, '停用', 'false', 2, NULL, NULL, '2019-10-27 20:31:36', NULL);
INSERT INTO sys_dict_detail (detail_id, dict_id, label, value, dict_sort, create_by, update_by, create_time, update_time) VALUES (5, 5, '启用', 'true', 1, NULL, NULL, NULL, NULL);
INSERT INTO sys_dict_detail (detail_id, dict_id, label, value, dict_sort, create_by, update_by, create_time, update_time) VALUES (6, 5, '停用', 'false', 2, NULL, NULL, '2019-10-27 20:31:36', NULL);
COMMIT;

-- ----------------------------
-- Table structure for sys_job
-- ----------------------------
DROP TABLE IF EXISTS sys_job;
CREATE TABLE if not exists "sys_job"
(
    "job_id" bigint GENERATED BY DEFAULT AS IDENTITY,
    "name" varchar(180) NOT NULL,
    "enabled" bit(1) NOT NULL,
    "job_sort" int NULL,
    "create_by" varchar(255) NULL,
    "update_by" varchar(255) NULL,
    "create_time" timestamp NULL DEFAULT CURRENT_TIMESTAMP,
    "update_time" timestamp NULL DEFAULT CURRENT_TIMESTAMP
);

COMMENT ON TABLE "sys_job" IS '岗位';
COMMENT ON COLUMN "sys_job"."job_id" IS 'ID';
COMMENT ON COLUMN "sys_job"."name" IS '岗位名称';
COMMENT ON COLUMN "sys_job"."enabled" IS '岗位状态';
COMMENT ON COLUMN "sys_job"."job_sort" IS '排序';
COMMENT ON COLUMN "sys_job"."create_by" IS '创建者';
COMMENT ON COLUMN "sys_job"."update_by" IS '更新者';
COMMENT ON COLUMN "sys_job"."create_time" IS '创建日期';
COMMENT ON COLUMN "sys_job"."update_time" IS '更新时间';

-- 主键
alter table "sys_job"
add constraint pk_sys_job primary key ("job_id");

-- ----------------------------
-- Records of sys_job
-- ----------------------------
BEGIN;
INSERT INTO sys_job (job_id, name, enabled, job_sort, create_by, update_by, create_time, update_time) VALUES (8, '人事专员', b'1', 3, NULL, NULL, '2019-03-29 14:52:28', NULL);
INSERT INTO sys_job (job_id, name, enabled, job_sort, create_by, update_by, create_time, update_time) VALUES (10, '产品经理', b'1', 4, NULL, NULL, '2019-03-29 14:55:51', NULL);
INSERT INTO sys_job (job_id, name, enabled, job_sort, create_by, update_by, create_time, update_time) VALUES (11, '全栈开发', b'1', 2, NULL, 'admin', '2019-03-31 13:39:30', '2020-05-05 11:33:43');
INSERT INTO sys_job (job_id, name, enabled, job_sort, create_by, update_by, create_time, update_time) VALUES (12, '软件测试', b'1', 5, NULL, 'admin', '2019-03-31 13:39:43', '2020-05-10 19:56:26');
COMMIT;

-- ----------------------------
-- Table structure for sys_log
-- ----------------------------
DROP TABLE IF EXISTS sys_log;
CREATE TABLE if not exists "sys_log"
(
    "log_id" bigint GENERATED BY DEFAULT AS IDENTITY,
    "description" varchar(255) NULL,
    "log_type" varchar(10) NOT NULL,
    "method" varchar(255) NULL,
    "params" text NULL,
    "request_ip" varchar(255) NULL,
    "time" bigint NULL,
    "username" varchar(255) NULL,
    "address" varchar(255) NULL,
    "browser" varchar(255) NULL,
    "exception_detail" text NULL,
    "create_time" timestamp NOT NULL DEFAULT CURRENT_TIMESTAMP
);

COMMENT ON TABLE "sys_log" IS '系统日志';
COMMENT ON COLUMN "sys_log"."log_id" IS 'ID';
COMMENT ON COLUMN "sys_log"."description" IS '描述';
COMMENT ON COLUMN "sys_log"."log_type" IS '日志类型：INFI/ERROR';
COMMENT ON COLUMN "sys_log"."method" IS '方法名';
COMMENT ON COLUMN "sys_log"."params" IS '参数';
COMMENT ON COLUMN "sys_log"."request_ip" IS '请求IP';
COMMENT ON COLUMN "sys_log"."time" IS '执行时间';
COMMENT ON COLUMN "sys_log"."username" IS '用户名';
COMMENT ON COLUMN "sys_log"."address" IS '地址';
COMMENT ON COLUMN "sys_log"."browser" IS '浏览器';
COMMENT ON COLUMN "sys_log"."exception_detail" IS '异常';
COMMENT ON COLUMN "sys_log"."create_time" IS '创建时间';

-- 主键
alter table "sys_log"
add constraint pk_sys_log primary key ("log_id");

-- ----------------------------
-- Records of sys_log
-- ----------------------------
BEGIN;
COMMIT;

-- ----------------------------
-- Table structure for sys_menu
-- ----------------------------
DROP TABLE IF EXISTS sys_menu;
CREATE TABLE if not exists "sys_menu"
(
    "menu_id" bigint GENERATED BY DEFAULT AS IDENTITY,
    "pid" bigint NULL,
    "sub_count" int NULL,
    "type" int NULL,
    "title" varchar(100) NULL,
    "name" varchar(100) NULL,
    "component" varchar(255) NULL,
    "menu_sort" int NULL,
    "icon" varchar(255) NULL,
    "path" varchar(255) NULL,
    "i_frame" bit(1) NULL,
    "cache" bit(1) NULL,
    "hidden" bit(1) NULL,
    "permission" varchar(255) NULL,
    "create_by" varchar(255) NULL,
    "update_by" varchar(255) NULL,
    "create_time" timestamp NULL DEFAULT CURRENT_TIMESTAMP,
    "update_time" timestamp NULL DEFAULT CURRENT_TIMESTAMP
);

COMMENT ON TABLE "sys_menu" IS '系统菜单';
COMMENT ON COLUMN "sys_menu"."menu_id" IS 'ID';
COMMENT ON COLUMN "sys_menu"."pid" IS '上级菜单ID';
COMMENT ON COLUMN "sys_menu"."sub_count" IS '子菜单数目';
COMMENT ON COLUMN "sys_menu"."type" IS '菜单类型';
COMMENT ON COLUMN "sys_menu"."title" IS '菜单标题';
COMMENT ON COLUMN "sys_menu"."name" IS '组件名称';
COMMENT ON COLUMN "sys_menu"."component" IS '组件';
COMMENT ON COLUMN "sys_menu"."menu_sort" IS '排序';
COMMENT ON COLUMN "sys_menu"."icon" IS '图标';
COMMENT ON COLUMN "sys_menu"."path" IS '链接地址';
COMMENT ON COLUMN "sys_menu"."i_frame" IS '是否外链';
COMMENT ON COLUMN "sys_menu"."cache" IS '缓存';
COMMENT ON COLUMN "sys_menu"."hidden" IS '隐藏';
COMMENT ON COLUMN "sys_menu"."permission" IS '权限';
COMMENT ON COLUMN "sys_menu"."create_by" IS '创建者';
COMMENT ON COLUMN "sys_menu"."update_by" IS '更新者';
COMMENT ON COLUMN "sys_menu"."create_time" IS '创建日期';
COMMENT ON COLUMN "sys_menu"."update_time" IS '更新时间';

-- 主键
alter table "sys_menu"
add constraint pk_sys_menu primary key ("menu_id");

-- ----------------------------
-- Records of sys_menu
-- ----------------------------
BEGIN;
INSERT INTO sys_menu (menu_id, pid, sub_count, type, title, name, component, menu_sort, icon, path, i_frame, cache, hidden, permission, create_by, update_by, create_time, update_time) VALUES (1, NULL, 7, 0, '系统管理', NULL, NULL, 1, 'system', 'system', b'0', b'0', b'0', NULL, NULL, 'admin', '2018-12-18 15:11:29', '2025-01-14 15:48:18');
INSERT INTO sys_menu (menu_id, pid, sub_count, type, title, name, component, menu_sort, icon, path, i_frame, cache, hidden, permission, create_by, update_by, create_time, update_time) VALUES (2, 1, 3, 1, '用户管理', 'User', 'system/user/index', 2, 'peoples', 'user', b'0', b'0', b'0', 'user:list', NULL, NULL, '2018-12-18 15:14:44', NULL);
INSERT INTO sys_menu (menu_id, pid, sub_count, type, title, name, component, menu_sort, icon, path, i_frame, cache, hidden, permission, create_by, update_by, create_time, update_time) VALUES (3, 1, 3, 1, '角色管理', 'Role', 'system/role/index', 3, 'role', 'role', b'0', b'0', b'0', 'roles:list', NULL, NULL, '2018-12-18 15:16:07', NULL);
INSERT INTO sys_menu (menu_id, pid, sub_count, type, title, name, component, menu_sort, icon, path, i_frame, cache, hidden, permission, create_by, update_by, create_time, update_time) VALUES (5, 1, 3, 1, '菜单管理', 'Menu', 'system/menu/index', 5, 'menu', 'menu', b'0', b'0', b'0', 'menu:list', NULL, NULL, '2018-12-18 15:17:28', NULL);
INSERT INTO sys_menu (menu_id, pid, sub_count, type, title, name, component, menu_sort, icon, path, i_frame, cache, hidden, permission, create_by, update_by, create_time, update_time) VALUES (6, NULL, 5, 0, '系统监控', NULL, NULL, 10, 'monitor', 'monitor', b'0', b'0', b'0', NULL, NULL, NULL, '2018-12-18 15:17:48', NULL);
INSERT INTO sys_menu (menu_id, pid, sub_count, type, title, name, component, menu_sort, icon, path, i_frame, cache, hidden, permission, create_by, update_by, create_time, update_time) VALUES (7, 6, 0, 1, '操作日志', 'Log', 'monitor/log/index', 11, 'log', 'logs', b'0', b'1', b'0', NULL, NULL, 'admin', '2018-12-18 15:18:26', '2020-06-06 13:11:57');
INSERT INTO sys_menu (menu_id, pid, sub_count, type, title, name, component, menu_sort, icon, path, i_frame, cache, hidden, permission, create_by, update_by, create_time, update_time) VALUES (9, 6, 0, 1, 'SQL监控', 'Sql', 'monitor/sql/index', 18, 'sqlMonitor', 'druid', b'0', b'0', b'0', NULL, NULL, NULL, '2018-12-18 15:19:34', NULL);
INSERT INTO sys_menu (menu_id, pid, sub_count, type, title, name, component, menu_sort, icon, path, i_frame, cache, hidden, permission, create_by, update_by, create_time, update_time) VALUES (10, NULL, 5, 0, '组件管理', NULL, NULL, 50, 'zujian', 'components', b'0', b'0', b'0', NULL, NULL, NULL, '2018-12-19 13:38:16', NULL);
INSERT INTO sys_menu (menu_id, pid, sub_count, type, title, name, component, menu_sort, icon, path, i_frame, cache, hidden, permission, create_by, update_by, create_time, update_time) VALUES (11, 10, 0, 1, '图标库', 'Icons', 'components/icons/index', 51, 'icon', 'icon', b'0', b'0', b'0', NULL, NULL, NULL, '2018-12-19 13:38:49', NULL);
INSERT INTO sys_menu (menu_id, pid, sub_count, type, title, name, component, menu_sort, icon, path, i_frame, cache, hidden, permission, create_by, update_by, create_time, update_time) VALUES (14, 36, 0, 1, '邮件工具', 'Email', 'tools/email/index', 35, 'email', 'email', b'0', b'0', b'0', NULL, NULL, NULL, '2018-12-27 10:13:09', NULL);
INSERT INTO sys_menu (menu_id, pid, sub_count, type, title, name, component, menu_sort, icon, path, i_frame, cache, hidden, permission, create_by, update_by, create_time, update_time) VALUES (15, 10, 0, 1, '富文本', 'Editor', 'components/Editor', 52, 'fwb', 'tinymce', b'0', b'0', b'0', NULL, NULL, NULL, '2018-12-27 11:58:25', NULL);
INSERT INTO sys_menu (menu_id, pid, sub_count, type, title, name, component, menu_sort, icon, path, i_frame, cache, hidden, permission, create_by, update_by, create_time, update_time) VALUES (18, 36, 3, 1, '存储管理', 'Storage', 'tools/storage/index', 34, 'qiniu', 'storage', b'0', b'0', b'0', 'storage:list', NULL, NULL, '2018-12-31 11:12:15', NULL);
INSERT INTO sys_menu (menu_id, pid, sub_count, type, title, name, component, menu_sort, icon, path, i_frame, cache, hidden, permission, create_by, update_by, create_time, update_time) VALUES (19, 36, 0, 1, '支付宝工具', 'AliPay', 'tools/aliPay/index', 37, 'alipay', 'aliPay', b'0', b'0', b'0', NULL, NULL, NULL, '2018-12-31 14:52:38', NULL);
INSERT INTO sys_menu (menu_id, pid, sub_count, type, title, name, component, menu_sort, icon, path, i_frame, cache, hidden, permission, create_by, update_by, create_time, update_time) VALUES (21, NULL, 2, 0, '多级菜单', NULL, '', 900, 'menu', 'nested', b'0', b'0', b'0', NULL, NULL, 'admin', '2019-01-04 16:22:03', '2020-06-21 17:27:35');
INSERT INTO sys_menu (menu_id, pid, sub_count, type, title, name, component, menu_sort, icon, path, i_frame, cache, hidden, permission, create_by, update_by, create_time, update_time) VALUES (22, 21, 2, 0, '二级菜单1', NULL, '', 999, 'menu', 'menu1', b'0', b'0', b'0', NULL, NULL, 'admin', '2019-01-04 16:23:29', '2020-06-21 17:27:20');
INSERT INTO sys_menu (menu_id, pid, sub_count, type, title, name, component, menu_sort, icon, path, i_frame, cache, hidden, permission, create_by, update_by, create_time, update_time) VALUES (23, 21, 0, 1, '二级菜单2', NULL, 'nested/menu2/index', 999, 'menu', 'menu2', b'0', b'0', b'0', NULL, NULL, NULL, '2019-01-04 16:23:57', NULL);
INSERT INTO sys_menu (menu_id, pid, sub_count, type, title, name, component, menu_sort, icon, path, i_frame, cache, hidden, permission, create_by, update_by, create_time, update_time) VALUES (24, 22, 0, 1, '三级菜单1', 'Test', 'nested/menu1/menu1-1', 999, 'menu', 'menu1-1', b'0', b'0', b'0', NULL, NULL, NULL, '2019-01-04 16:24:48', NULL);
INSERT INTO sys_menu (menu_id, pid, sub_count, type, title, name, component, menu_sort, icon, path, i_frame, cache, hidden, permission, create_by, update_by, create_time, update_time) VALUES (27, 22, 0, 1, '三级菜单2', NULL, 'nested/menu1/menu1-2', 999, 'menu', 'menu1-2', b'0', b'0', b'0', NULL, NULL, NULL, '2019-01-07 17:27:32', NULL);
INSERT INTO sys_menu (menu_id, pid, sub_count, type, title, name, component, menu_sort, icon, path, i_frame, cache, hidden, permission, create_by, update_by, create_time, update_time) VALUES (28, 1, 3, 1, '任务调度', 'Timing', 'system/timing/index', 999, 'timing', 'timing', b'0', b'0', b'0', 'timing:list', NULL, NULL, '2019-01-07 20:34:40', NULL);
INSERT INTO sys_menu (menu_id, pid, sub_count, type, title, name, component, menu_sort, icon, path, i_frame, cache, hidden, permission, create_by, update_by, create_time, update_time) VALUES (30, 36, 0, 1, '代码生成', 'GeneratorIndex', 'generator/index', 32, 'dev', 'generator', b'0', b'1', b'0', NULL, NULL, NULL, '2019-01-11 15:45:55', NULL);
INSERT INTO sys_menu (menu_id, pid, sub_count, type, title, name, component, menu_sort, icon, path, i_frame, cache, hidden, permission, create_by, update_by, create_time, update_time) VALUES (32, 6, 0, 1, '异常日志', 'ErrorLog', 'monitor/log/errorLog', 12, 'error', 'errorLog', b'0', b'0', b'0', NULL, NULL, NULL, '2019-01-13 13:49:03', NULL);
INSERT INTO sys_menu (menu_id, pid, sub_count, type, title, name, component, menu_sort, icon, path, i_frame, cache, hidden, permission, create_by, update_by, create_time, update_time) VALUES (33, 10, 0, 1, 'Markdown', 'Markdown', 'components/MarkDown', 53, 'markdown', 'markdown', b'0', b'0', b'0', NULL, NULL, NULL, '2019-03-08 13:46:44', NULL);
INSERT INTO sys_menu (menu_id, pid, sub_count, type, title, name, component, menu_sort, icon, path, i_frame, cache, hidden, permission, create_by, update_by, create_time, update_time) VALUES (34, 10, 0, 1, 'Yaml编辑器', 'YamlEdit', 'components/YamlEdit', 54, 'dev', 'yaml', b'0', b'0', b'0', NULL, NULL, NULL, '2019-03-08 15:49:40', NULL);
INSERT INTO sys_menu (menu_id, pid, sub_count, type, title, name, component, menu_sort, icon, path, i_frame, cache, hidden, permission, create_by, update_by, create_time, update_time) VALUES (35, 1, 3, 1, '部门管理', 'Dept', 'system/dept/index', 6, 'dept', 'dept', b'0', b'0', b'0', 'dept:list', NULL, NULL, '2019-03-25 09:46:00', NULL);
INSERT INTO sys_menu (menu_id, pid, sub_count, type, title, name, component, menu_sort, icon, path, i_frame, cache, hidden, permission, create_by, update_by, create_time, update_time) VALUES (36, NULL, 6, 0, '系统工具', NULL, '', 30, 'sys-tools', 'sys-tools', b'0', b'0', b'0', NULL, NULL, NULL, '2019-03-29 10:57:35', NULL);
INSERT INTO sys_menu (menu_id, pid, sub_count, type, title, name, component, menu_sort, icon, path, i_frame, cache, hidden, permission, create_by, update_by, create_time, update_time) VALUES (37, 1, 3, 1, '岗位管理', 'Job', 'system/job/index', 7, 'Steve-Jobs', 'job', b'0', b'0', b'0', 'job:list', NULL, NULL, '2019-03-29 13:51:18', NULL);
INSERT INTO sys_menu (menu_id, pid, sub_count, type, title, name, component, menu_sort, icon, path, i_frame, cache, hidden, permission, create_by, update_by, create_time, update_time) VALUES (39, 1, 3, 1, '字典管理', 'Dict', 'system/dict/index', 8, 'dictionary', 'dict', b'0', b'0', b'0', 'dict:list', NULL, NULL, '2019-04-10 11:49:04', NULL);
INSERT INTO sys_menu (menu_id, pid, sub_count, type, title, name, component, menu_sort, icon, path, i_frame, cache, hidden, permission, create_by, update_by, create_time, update_time) VALUES (41, 6, 0, 1, '在线用户', 'OnlineUser', 'monitor/online/index', 10, 'Steve-Jobs', 'online', b'0', b'0', b'0', NULL, NULL, NULL, '2019-10-26 22:08:43', NULL);
INSERT INTO sys_menu (menu_id, pid, sub_count, type, title, name, component, menu_sort, icon, path, i_frame, cache, hidden, permission, create_by, update_by, create_time, update_time) VALUES (44, 2, 0, 2, '用户新增', NULL, '', 2, '', '', b'0', b'0', b'0', 'user:add', NULL, NULL, '2019-10-29 10:59:46', NULL);
INSERT INTO sys_menu (menu_id, pid, sub_count, type, title, name, component, menu_sort, icon, path, i_frame, cache, hidden, permission, create_by, update_by, create_time, update_time) VALUES (45, 2, 0, 2, '用户编辑', NULL, '', 3, '', '', b'0', b'0', b'0', 'user:edit', NULL, NULL, '2019-10-29 11:00:08', NULL);
INSERT INTO sys_menu (menu_id, pid, sub_count, type, title, name, component, menu_sort, icon, path, i_frame, cache, hidden, permission, create_by, update_by, create_time, update_time) VALUES (46, 2, 0, 2, '用户删除', NULL, '', 4, '', '', b'0', b'0', b'0', 'user:del', NULL, NULL, '2019-10-29 11:00:23', NULL);
INSERT INTO sys_menu (menu_id, pid, sub_count, type, title, name, component, menu_sort, icon, path, i_frame, cache, hidden, permission, create_by, update_by, create_time, update_time) VALUES (48, 3, 0, 2, '角色创建', NULL, '', 2, '', '', b'0', b'0', b'0', 'roles:add', NULL, NULL, '2019-10-29 12:45:34', NULL);
INSERT INTO sys_menu (menu_id, pid, sub_count, type, title, name, component, menu_sort, icon, path, i_frame, cache, hidden, permission, create_by, update_by, create_time, update_time) VALUES (49, 3, 0, 2, '角色修改', NULL, '', 3, '', '', b'0', b'0', b'0', 'roles:edit', NULL, NULL, '2019-10-29 12:46:16', NULL);
INSERT INTO sys_menu (menu_id, pid, sub_count, type, title, name, component, menu_sort, icon, path, i_frame, cache, hidden, permission, create_by, update_by, create_time, update_time) VALUES (50, 3, 0, 2, '角色删除', NULL, '', 4, '', '', b'0', b'0', b'0', 'roles:del', NULL, NULL, '2019-10-29 12:46:51', NULL);
INSERT INTO sys_menu (menu_id, pid, sub_count, type, title, name, component, menu_sort, icon, path, i_frame, cache, hidden, permission, create_by, update_by, create_time, update_time) VALUES (52, 5, 0, 2, '菜单新增', NULL, '', 2, '', '', b'0', b'0', b'0', 'menu:add', NULL, NULL, '2019-10-29 12:55:07', NULL);
INSERT INTO sys_menu (menu_id, pid, sub_count, type, title, name, component, menu_sort, icon, path, i_frame, cache, hidden, permission, create_by, update_by, create_time, update_time) VALUES (53, 5, 0, 2, '菜单编辑', NULL, '', 3, '', '', b'0', b'0', b'0', 'menu:edit', NULL, NULL, '2019-10-29 12:55:40', NULL);
INSERT INTO sys_menu (menu_id, pid, sub_count, type, title, name, component, menu_sort, icon, path, i_frame, cache, hidden, permission, create_by, update_by, create_time, update_time) VALUES (54, 5, 0, 2, '菜单删除', NULL, '', 4, '', '', b'0', b'0', b'0', 'menu:del', NULL, NULL, '2019-10-29 12:56:00', NULL);
INSERT INTO sys_menu (menu_id, pid, sub_count, type, title, name, component, menu_sort, icon, path, i_frame, cache, hidden, permission, create_by, update_by, create_time, update_time) VALUES (56, 35, 0, 2, '部门新增', NULL, '', 2, '', '', b'0', b'0', b'0', 'dept:add', NULL, NULL, '2019-10-29 12:57:09', NULL);
INSERT INTO sys_menu (menu_id, pid, sub_count, type, title, name, component, menu_sort, icon, path, i_frame, cache, hidden, permission, create_by, update_by, create_time, update_time) VALUES (57, 35, 0, 2, '部门编辑', NULL, '', 3, '', '', b'0', b'0', b'0', 'dept:edit', NULL, NULL, '2019-10-29 12:57:27', NULL);
INSERT INTO sys_menu (menu_id, pid, sub_count, type, title, name, component, menu_sort, icon, path, i_frame, cache, hidden, permission, create_by, update_by, create_time, update_time) VALUES (58, 35, 0, 2, '部门删除', NULL, '', 4, '', '', b'0', b'0', b'0', 'dept:del', NULL, NULL, '2019-10-29 12:57:41', NULL);
INSERT INTO sys_menu (menu_id, pid, sub_count, type, title, name, component, menu_sort, icon, path, i_frame, cache, hidden, permission, create_by, update_by, create_time, update_time) VALUES (60, 37, 0, 2, '岗位新增', NULL, '', 2, '', '', b'0', b'0', b'0', 'job:add', NULL, NULL, '2019-10-29 12:58:27', NULL);
INSERT INTO sys_menu (menu_id, pid, sub_count, type, title, name, component, menu_sort, icon, path, i_frame, cache, hidden, permission, create_by, update_by, create_time, update_time) VALUES (61, 37, 0, 2, '岗位编辑', NULL, '', 3, '', '', b'0', b'0', b'0', 'job:edit', NULL, NULL, '2019-10-29 12:58:45', NULL);
INSERT INTO sys_menu (menu_id, pid, sub_count, type, title, name, component, menu_sort, icon, path, i_frame, cache, hidden, permission, create_by, update_by, create_time, update_time) VALUES (62, 37, 0, 2, '岗位删除', NULL, '', 4, '', '', b'0', b'0', b'0', 'job:del', NULL, NULL, '2019-10-29 12:59:04', NULL);
INSERT INTO sys_menu (menu_id, pid, sub_count, type, title, name, component, menu_sort, icon, path, i_frame, cache, hidden, permission, create_by, update_by, create_time, update_time) VALUES (64, 39, 0, 2, '字典新增', NULL, '', 2, '', '', b'0', b'0', b'0', 'dict:add', NULL, NULL, '2019-10-29 13:00:17', NULL);
INSERT INTO sys_menu (menu_id, pid, sub_count, type, title, name, component, menu_sort, icon, path, i_frame, cache, hidden, permission, create_by, update_by, create_time, update_time) VALUES (65, 39, 0, 2, '字典编辑', NULL, '', 3, '', '', b'0', b'0', b'0', 'dict:edit', NULL, NULL, '2019-10-29 13:00:42', NULL);
INSERT INTO sys_menu (menu_id, pid, sub_count, type, title, name, component, menu_sort, icon, path, i_frame, cache, hidden, permission, create_by, update_by, create_time, update_time) VALUES (66, 39, 0, 2, '字典删除', NULL, '', 4, '', '', b'0', b'0', b'0', 'dict:del', NULL, NULL, '2019-10-29 13:00:59', NULL);
INSERT INTO sys_menu (menu_id, pid, sub_count, type, title, name, component, menu_sort, icon, path, i_frame, cache, hidden, permission, create_by, update_by, create_time, update_time) VALUES (73, 28, 0, 2, '任务新增', NULL, '', 2, '', '', b'0', b'0', b'0', 'timing:add', NULL, NULL, '2019-10-29 13:07:28', NULL);
INSERT INTO sys_menu (menu_id, pid, sub_count, type, title, name, component, menu_sort, icon, path, i_frame, cache, hidden, permission, create_by, update_by, create_time, update_time) VALUES (74, 28, 0, 2, '任务编辑', NULL, '', 3, '', '', b'0', b'0', b'0', 'timing:edit', NULL, NULL, '2019-10-29 13:07:41', NULL);
INSERT INTO sys_menu (menu_id, pid, sub_count, type, title, name, component, menu_sort, icon, path, i_frame, cache, hidden, permission, create_by, update_by, create_time, update_time) VALUES (75, 28, 0, 2, '任务删除', NULL, '', 4, '', '', b'0', b'0', b'0', 'timing:del', NULL, NULL, '2019-10-29 13:07:54', NULL);
INSERT INTO sys_menu (menu_id, pid, sub_count, type, title, name, component, menu_sort, icon, path, i_frame, cache, hidden, permission, create_by, update_by, create_time, update_time) VALUES (77, 18, 0, 2, '上传文件', NULL, '', 2, '', '', b'0', b'0', b'0', 'storage:add', NULL, NULL, '2019-10-29 13:09:09', NULL);
INSERT INTO sys_menu (menu_id, pid, sub_count, type, title, name, component, menu_sort, icon, path, i_frame, cache, hidden, permission, create_by, update_by, create_time, update_time) VALUES (78, 18, 0, 2, '文件编辑', NULL, '', 3, '', '', b'0', b'0', b'0', 'storage:edit', NULL, NULL, '2019-10-29 13:09:22', NULL);
INSERT INTO sys_menu (menu_id, pid, sub_count, type, title, name, component, menu_sort, icon, path, i_frame, cache, hidden, permission, create_by, update_by, create_time, update_time) VALUES (79, 18, 0, 2, '文件删除', NULL, '', 4, '', '', b'0', b'0', b'0', 'storage:del', NULL, NULL, '2019-10-29 13:09:34', NULL);
INSERT INTO sys_menu (menu_id, pid, sub_count, type, title, name, component, menu_sort, icon, path, i_frame, cache, hidden, permission, create_by, update_by, create_time, update_time) VALUES (80, 6, 0, 1, '服务监控', 'ServerMonitor', 'monitor/server/index', 14, 'codeConsole', 'server', b'0', b'0', b'0', 'monitor:list', NULL, 'admin', '2019-11-07 13:06:39', '2020-05-04 18:20:50');
INSERT INTO sys_menu (menu_id, pid, sub_count, type, title, name, component, menu_sort, icon, path, i_frame, cache, hidden, permission, create_by, update_by, create_time, update_time) VALUES (82, 36, 0, 1, '生成配置', 'GeneratorConfig', 'generator/config', 33, 'dev', 'generator/config/:tableName', b'0', b'1', b'1', '', NULL, NULL, '2019-11-17 20:08:56', NULL);
INSERT INTO sys_menu (menu_id, pid, sub_count, type, title, name, component, menu_sort, icon, path, i_frame, cache, hidden, permission, create_by, update_by, create_time, update_time) VALUES (83, 10, 0, 1, '图表库', 'Echarts', 'components/Echarts', 50, 'chart', 'echarts', b'0', b'1', b'0', '', NULL, NULL, '2019-11-21 09:04:32', NULL);
INSERT INTO sys_menu (menu_id, pid, sub_count, type, title, name, component, menu_sort, icon, path, i_frame, cache, hidden, permission, create_by, update_by, create_time, update_time) VALUES (90, NULL, 5, 1, '运维管理', 'Mnt', '', 20, 'mnt', 'mnt', b'0', b'0', b'0', NULL, NULL, NULL, '2019-11-09 10:31:08', NULL);
INSERT INTO sys_menu (menu_id, pid, sub_count, type, title, name, component, menu_sort, icon, path, i_frame, cache, hidden, permission, create_by, update_by, create_time, update_time) VALUES (92, 90, 3, 1, '服务器', 'ServerDeploy', 'maint/server/index', 22, 'server', 'maint/serverDeploy', b'0', b'0', b'0', 'serverDeploy:list', NULL, NULL, '2019-11-10 10:29:25', NULL);
INSERT INTO sys_menu (menu_id, pid, sub_count, type, title, name, component, menu_sort, icon, path, i_frame, cache, hidden, permission, create_by, update_by, create_time, update_time) VALUES (93, 90, 3, 1, '应用管理', 'App', 'maint/app/index', 23, 'app', 'maint/app', b'0', b'0', b'0', 'app:list', NULL, NULL, '2019-11-10 11:05:16', NULL);
INSERT INTO sys_menu (menu_id, pid, sub_count, type, title, name, component, menu_sort, icon, path, i_frame, cache, hidden, permission, create_by, update_by, create_time, update_time) VALUES (94, 90, 3, 1, '部署管理', 'Deploy', 'maint/deploy/index', 24, 'deploy', 'maint/deploy', b'0', b'0', b'0', 'deploy:list', NULL, NULL, '2019-11-10 15:56:55', NULL);
INSERT INTO sys_menu (menu_id, pid, sub_count, type, title, name, component, menu_sort, icon, path, i_frame, cache, hidden, permission, create_by, update_by, create_time, update_time) VALUES (97, 90, 1, 1, '部署备份', 'DeployHistory', 'maint/deployHistory/index', 25, 'backup', 'maint/deployHistory', b'0', b'0', b'0', 'deployHistory:list', NULL, NULL, '2019-11-10 16:49:44', NULL);
INSERT INTO sys_menu (menu_id, pid, sub_count, type, title, name, component, menu_sort, icon, path, i_frame, cache, hidden, permission, create_by, update_by, create_time, update_time) VALUES (98, 90, 3, 1, '数据库管理', 'Database', 'maint/database/index', 26, 'database', 'maint/database', b'0', b'0', b'0', 'database:list', NULL, NULL, '2019-11-10 20:40:04', NULL);
INSERT INTO sys_menu (menu_id, pid, sub_count, type, title, name, component, menu_sort, icon, path, i_frame, cache, hidden, permission, create_by, update_by, create_time, update_time) VALUES (102, 97, 0, 2, '删除', NULL, '', 999, '', '', b'0', b'0', b'0', 'deployHistory:del', NULL, NULL, '2019-11-17 09:32:48', NULL);
INSERT INTO sys_menu (menu_id, pid, sub_count, type, title, name, component, menu_sort, icon, path, i_frame, cache, hidden, permission, create_by, update_by, create_time, update_time) VALUES (103, 92, 0, 2, '服务器新增', NULL, '', 999, '', '', b'0', b'0', b'0', 'serverDeploy:add', NULL, NULL, '2019-11-17 11:08:33', NULL);
INSERT INTO sys_menu (menu_id, pid, sub_count, type, title, name, component, menu_sort, icon, path, i_frame, cache, hidden, permission, create_by, update_by, create_time, update_time) VALUES (104, 92, 0, 2, '服务器编辑', NULL, '', 999, '', '', b'0', b'0', b'0', 'serverDeploy:edit', NULL, NULL, '2019-11-17 11:08:57', NULL);
INSERT INTO sys_menu (menu_id, pid, sub_count, type, title, name, component, menu_sort, icon, path, i_frame, cache, hidden, permission, create_by, update_by, create_time, update_time) VALUES (105, 92, 0, 2, '服务器删除', NULL, '', 999, '', '', b'0', b'0', b'0', 'serverDeploy:del', NULL, NULL, '2019-11-17 11:09:15', NULL);
INSERT INTO sys_menu (menu_id, pid, sub_count, type, title, name, component, menu_sort, icon, path, i_frame, cache, hidden, permission, create_by, update_by, create_time, update_time) VALUES (106, 93, 0, 2, '应用新增', NULL, '', 999, '', '', b'0', b'0', b'0', 'app:add', NULL, NULL, '2019-11-17 11:10:03', NULL);
INSERT INTO sys_menu (menu_id, pid, sub_count, type, title, name, component, menu_sort, icon, path, i_frame, cache, hidden, permission, create_by, update_by, create_time, update_time) VALUES (107, 93, 0, 2, '应用编辑', NULL, '', 999, '', '', b'0', b'0', b'0', 'app:edit', NULL, NULL, '2019-11-17 11:10:28', NULL);
INSERT INTO sys_menu (menu_id, pid, sub_count, type, title, name, component, menu_sort, icon, path, i_frame, cache, hidden, permission, create_by, update_by, create_time, update_time) VALUES (108, 93, 0, 2, '应用删除', NULL, '', 999, '', '', b'0', b'0', b'0', 'app:del', NULL, NULL, '2019-11-17 11:10:55', NULL);
INSERT INTO sys_menu (menu_id, pid, sub_count, type, title, name, component, menu_sort, icon, path, i_frame, cache, hidden, permission, create_by, update_by, create_time, update_time) VALUES (109, 94, 0, 2, '部署新增', NULL, '', 999, '', '', b'0', b'0', b'0', 'deploy:add', NULL, NULL, '2019-11-17 11:11:22', NULL);
INSERT INTO sys_menu (menu_id, pid, sub_count, type, title, name, component, menu_sort, icon, path, i_frame, cache, hidden, permission, create_by, update_by, create_time, update_time) VALUES (110, 94, 0, 2, '部署编辑', NULL, '', 999, '', '', b'0', b'0', b'0', 'deploy:edit', NULL, NULL, '2019-11-17 11:11:41', NULL);
INSERT INTO sys_menu (menu_id, pid, sub_count, type, title, name, component, menu_sort, icon, path, i_frame, cache, hidden, permission, create_by, update_by, create_time, update_time) VALUES (111, 94, 0, 2, '部署删除', NULL, '', 999, '', '', b'0', b'0', b'0', 'deploy:del', NULL, NULL, '2019-11-17 11:12:01', NULL);
INSERT INTO sys_menu (menu_id, pid, sub_count, type, title, name, component, menu_sort, icon, path, i_frame, cache, hidden, permission, create_by, update_by, create_time, update_time) VALUES (116, 36, 0, 1, '生成预览', 'Preview', 'generator/preview', 999, 'java', 'generator/preview/:tableName', b'0', b'1', b'1', NULL, NULL, NULL, '2019-11-26 14:54:36', NULL);
COMMIT;

-- ----------------------------
-- Table structure for sys_quartz_job
-- ----------------------------
DROP TABLE IF EXISTS sys_quartz_job;
CREATE TABLE if not exists "sys_quartz_job"
(
    "job_id" bigint GENERATED BY DEFAULT AS IDENTITY,
    "bean_name" varchar(255) NULL,
    "cron_expression" varchar(255) NULL,
    "is_pause" boolean  NULL,
    "job_name" varchar(255) NULL,
    "method_name" varchar(255) NULL,
    "params" varchar(255) NULL,
    "description" varchar(255) NULL,
    "person_in_charge" varchar(100) NULL,
    "email" varchar(100) NULL,
    "sub_task" varchar(100) NULL,
    "pause_after_failure" boolean  NULL,
    "create_by" varchar(255) NULL,
    "update_by" varchar(255) NULL,
    "create_time" timestamp NULL DEFAULT CURRENT_TIMESTAMP,
    "update_time" timestamp NULL DEFAULT CURRENT_TIMESTAMP
);

COMMENT ON TABLE "sys_quartz_job" IS '定时任务';
COMMENT ON COLUMN "sys_quartz_job"."job_id" IS 'ID';
COMMENT ON COLUMN "sys_quartz_job"."bean_name" IS 'Spring Bean名称';
COMMENT ON COLUMN "sys_quartz_job"."cron_expression" IS 'cron 表达式';
COMMENT ON COLUMN "sys_quartz_job"."is_pause" IS '状态：1暂停、0启用';
COMMENT ON COLUMN "sys_quartz_job"."job_name" IS '任务名称';
COMMENT ON COLUMN "sys_quartz_job"."method_name" IS '方法名称';
COMMENT ON COLUMN "sys_quartz_job"."params" IS '参数';
COMMENT ON COLUMN "sys_quartz_job"."description" IS '备注';
COMMENT ON COLUMN "sys_quartz_job"."person_in_charge" IS '负责人';
COMMENT ON COLUMN "sys_quartz_job"."email" IS '报警邮箱';
COMMENT ON COLUMN "sys_quartz_job"."sub_task" IS '子任务ID';
COMMENT ON COLUMN "sys_quartz_job"."pause_after_failure" IS '任务失败后是否暂停';
COMMENT ON COLUMN "sys_quartz_job"."create_by" IS '创建者';
COMMENT ON COLUMN "sys_quartz_job"."update_by" IS '更新者';
COMMENT ON COLUMN "sys_quartz_job"."create_time" IS '创建日期';
COMMENT ON COLUMN "sys_quartz_job"."update_time" IS '更新时间';

-- 主键
alter table "sys_quartz_job"
add constraint pk_sys_quartz_job primary key ("job_id");

-- ----------------------------
-- Records of sys_quartz_job
-- ----------------------------
BEGIN;
INSERT INTO sys_quartz_job (job_id, bean_name, cron_expression, is_pause, job_name, method_name, params, description, person_in_charge, email, sub_task, pause_after_failure, create_by, update_by, create_time, update_time) VALUES (2, 'testTask', '0/5 * * * * ?', '1', '测试1', 'run1', 'test', '带参测试，多参使用json', '测试', NULL, NULL, NULL, NULL, 'admin', '2019-08-22 14:08:29', '2020-05-24 13:58:33');
INSERT INTO sys_quartz_job (job_id, bean_name, cron_expression, is_pause, job_name, method_name, params, description, person_in_charge, email, sub_task, pause_after_failure, create_by, update_by, create_time, update_time) VALUES (3, 'testTask', '0/5 * * * * ?', '1', '测试', 'run', '', '不带参测试', 'Zheng Jie', '', '6', '1', NULL, 'admin', '2019-09-26 16:44:39', '2020-05-24 14:48:12');
INSERT INTO sys_quartz_job (job_id, bean_name, cron_expression, is_pause, job_name, method_name, params, description, person_in_charge, email, sub_task, pause_after_failure, create_by, update_by, create_time, update_time) VALUES (5, 'Test', '0/5 * * * * ?', '1', '任务告警测试', 'run', NULL, '测试', 'test', '', NULL, '1', 'admin', 'admin', '2020-05-05 20:32:41', '2020-05-05 20:36:13');
INSERT INTO sys_quartz_job (job_id, bean_name, cron_expression, is_pause, job_name, method_name, params, description, person_in_charge, email, sub_task, pause_after_failure, create_by, update_by, create_time, update_time) VALUES (6, 'testTask', '0/5 * * * * ?', '1', '测试3', 'run2', NULL, '测试3', 'Zheng Jie', '', NULL, '1', 'admin', 'admin', '2020-05-05 20:35:41', '2020-05-05 20:36:07');
COMMIT;

-- ----------------------------
-- Table structure for sys_quartz_log
-- ----------------------------
DROP TABLE IF EXISTS sys_quartz_log;
CREATE TABLE if not exists "sys_quartz_log"
(
    "log_id" bigint GENERATED BY DEFAULT AS IDENTITY,
    "bean_name" varchar(255) NULL,
    "cron_expression" varchar(255) NULL,
    "is_success" bit(1) NULL,
    "job_name" varchar(255) NULL,
    "method_name" varchar(255) NULL,
    "params" varchar(255) NULL,
    "time" bigint NULL,
    "exception_detail" text NULL,
    "create_time" timestamp NULL DEFAULT CURRENT_TIMESTAMP
);

COMMENT ON TABLE "sys_quartz_log" IS '定时任务日志';
COMMENT ON COLUMN "sys_quartz_log"."log_id" IS 'ID';
COMMENT ON COLUMN "sys_quartz_log"."bean_name" IS 'Bean名称';
COMMENT ON COLUMN "sys_quartz_log"."cron_expression" IS 'cron 表达式';
COMMENT ON COLUMN "sys_quartz_log"."is_success" IS '是否执行成功';
COMMENT ON COLUMN "sys_quartz_log"."job_name" IS '任务名称';
COMMENT ON COLUMN "sys_quartz_log"."method_name" IS '方法名称';
COMMENT ON COLUMN "sys_quartz_log"."params" IS '参数';
COMMENT ON COLUMN "sys_quartz_log"."time" IS '执行耗时';
COMMENT ON COLUMN "sys_quartz_log"."exception_detail" IS '异常详情';
COMMENT ON COLUMN "sys_quartz_log"."create_time" IS '创建时间';

-- 主键
alter table "sys_quartz_log"
add constraint pk_sys_quartz_log primary key ("log_id");

-- ----------------------------
-- Records of sys_quartz_log
-- ----------------------------
BEGIN;
COMMIT;

-- ----------------------------
-- Table structure for sys_role
-- ----------------------------
DROP TABLE IF EXISTS sys_role;
CREATE TABLE if not exists "sys_role"
(
    "role_id" bigint GENERATED BY DEFAULT AS IDENTITY,
    "name" varchar(100) NOT NULL,
    "level" int NULL,
    "description" varchar(255) NULL,
    "data_scope" varchar(255) NULL,
    "create_by" varchar(255) NULL,
    "update_by" varchar(255) NULL,
    "create_time" timestamp NULL DEFAULT CURRENT_TIMESTAMP,
    "update_time" timestamp NULL DEFAULT CURRENT_TIMESTAMP
);

COMMENT ON TABLE "sys_role" IS '角色表';
COMMENT ON COLUMN "sys_role"."role_id" IS 'ID';
COMMENT ON COLUMN "sys_role"."name" IS '名称';
COMMENT ON COLUMN "sys_role"."level" IS '角色级别';
COMMENT ON COLUMN "sys_role"."description" IS '描述';
COMMENT ON COLUMN "sys_role"."data_scope" IS '数据权限';
COMMENT ON COLUMN "sys_role"."create_by" IS '创建者';
COMMENT ON COLUMN "sys_role"."update_by" IS '更新者';
COMMENT ON COLUMN "sys_role"."create_time" IS '创建日期';
COMMENT ON COLUMN "sys_role"."update_time" IS '更新时间';

-- 主键
alter table "sys_role"
add constraint pk_sys_role primary key ("role_id");

-- ----------------------------
-- Records of sys_role
-- ----------------------------
BEGIN;
INSERT INTO sys_role (role_id, name, level, description, data_scope, create_by, update_by, create_time, update_time) VALUES (1, '管理员', 1, '-', '全部', NULL, 'admin', '2018-11-23 11:04:37', '2025-01-21 14:53:13');
INSERT INTO sys_role (role_id, name, level, description, data_scope, create_by, update_by, create_time, update_time) VALUES (2, '普通用户', 2, '-', '本级', NULL, 'admin', '2018-11-23 13:09:06', '2020-09-05 10:45:12');
COMMIT;

-- ----------------------------
-- Table structure for sys_roles_depts
-- ----------------------------
DROP TABLE IF EXISTS sys_roles_depts;
CREATE TABLE if not exists "sys_roles_depts"
(
    "role_id" bigint NOT NULL,
    "dept_id" bigint NOT NULL
);

COMMENT ON TABLE "sys_roles_depts" IS '角色部门关联';
COMMENT ON COLUMN "sys_roles_depts"."role_id" IS '角色ID';
COMMENT ON COLUMN "sys_roles_depts"."dept_id" IS '部门ID';

-- 主键
alter table "sys_roles_depts" add constraint sys_roles_depts_pk primary key ("role_id", "dept_id");

-- ----------------------------
-- Records of sys_roles_depts
-- ----------------------------
BEGIN;
COMMIT;

-- ----------------------------
-- Table structure for sys_roles_menus
-- ----------------------------
DROP TABLE IF EXISTS sys_roles_menus;
CREATE TABLE if not exists "sys_roles_menus"
(
    "menu_id" bigint NOT NULL,
    "role_id" bigint NOT NULL
);

COMMENT ON TABLE "sys_roles_menus" IS '角色菜单关联';
COMMENT ON COLUMN "sys_roles_menus"."menu_id" IS '菜单ID';
COMMENT ON COLUMN "sys_roles_menus"."role_id" IS '角色ID';

-- 主键
alter table "sys_roles_menus"
add constraint pk_sys_roles_menus primary key ("menu_id", "role_id");

-- ----------------------------
-- Records of sys_roles_menus
-- ----------------------------
BEGIN;
INSERT INTO sys_roles_menus (menu_id, role_id) VALUES (1, 1);
INSERT INTO sys_roles_menus (menu_id, role_id) VALUES (1, 2);
INSERT INTO sys_roles_menus (menu_id, role_id) VALUES (2, 1);
INSERT INTO sys_roles_menus (menu_id, role_id) VALUES (2, 2);
INSERT INTO sys_roles_menus (menu_id, role_id) VALUES (3, 1);
INSERT INTO sys_roles_menus (menu_id, role_id) VALUES (5, 1);
INSERT INTO sys_roles_menus (menu_id, role_id) VALUES (6, 1);
INSERT INTO sys_roles_menus (menu_id, role_id) VALUES (6, 2);
INSERT INTO sys_roles_menus (menu_id, role_id) VALUES (7, 1);
INSERT INTO sys_roles_menus (menu_id, role_id) VALUES (7, 2);
INSERT INTO sys_roles_menus (menu_id, role_id) VALUES (9, 1);
INSERT INTO sys_roles_menus (menu_id, role_id) VALUES (9, 2);
INSERT INTO sys_roles_menus (menu_id, role_id) VALUES (10, 1);
INSERT INTO sys_roles_menus (menu_id, role_id) VALUES (10, 2);
INSERT INTO sys_roles_menus (menu_id, role_id) VALUES (11, 1);
INSERT INTO sys_roles_menus (menu_id, role_id) VALUES (11, 2);
INSERT INTO sys_roles_menus (menu_id, role_id) VALUES (14, 1);
INSERT INTO sys_roles_menus (menu_id, role_id) VALUES (14, 2);
INSERT INTO sys_roles_menus (menu_id, role_id) VALUES (15, 1);
INSERT INTO sys_roles_menus (menu_id, role_id) VALUES (15, 2);
INSERT INTO sys_roles_menus (menu_id, role_id) VALUES (18, 1);
INSERT INTO sys_roles_menus (menu_id, role_id) VALUES (19, 1);
INSERT INTO sys_roles_menus (menu_id, role_id) VALUES (19, 2);
INSERT INTO sys_roles_menus (menu_id, role_id) VALUES (21, 1);
INSERT INTO sys_roles_menus (menu_id, role_id) VALUES (21, 2);
INSERT INTO sys_roles_menus (menu_id, role_id) VALUES (22, 1);
INSERT INTO sys_roles_menus (menu_id, role_id) VALUES (22, 2);
INSERT INTO sys_roles_menus (menu_id, role_id) VALUES (23, 1);
INSERT INTO sys_roles_menus (menu_id, role_id) VALUES (23, 2);
INSERT INTO sys_roles_menus (menu_id, role_id) VALUES (24, 1);
INSERT INTO sys_roles_menus (menu_id, role_id) VALUES (24, 2);
INSERT INTO sys_roles_menus (menu_id, role_id) VALUES (27, 1);
INSERT INTO sys_roles_menus (menu_id, role_id) VALUES (27, 2);
INSERT INTO sys_roles_menus (menu_id, role_id) VALUES (28, 1);
INSERT INTO sys_roles_menus (menu_id, role_id) VALUES (30, 1);
INSERT INTO sys_roles_menus (menu_id, role_id) VALUES (30, 2);
INSERT INTO sys_roles_menus (menu_id, role_id) VALUES (32, 1);
INSERT INTO sys_roles_menus (menu_id, role_id) VALUES (32, 2);
INSERT INTO sys_roles_menus (menu_id, role_id) VALUES (33, 1);
INSERT INTO sys_roles_menus (menu_id, role_id) VALUES (33, 2);
INSERT INTO sys_roles_menus (menu_id, role_id) VALUES (34, 1);
INSERT INTO sys_roles_menus (menu_id, role_id) VALUES (34, 2);
INSERT INTO sys_roles_menus (menu_id, role_id) VALUES (35, 1);
INSERT INTO sys_roles_menus (menu_id, role_id) VALUES (36, 1);
INSERT INTO sys_roles_menus (menu_id, role_id) VALUES (36, 2);
INSERT INTO sys_roles_menus (menu_id, role_id) VALUES (37, 1);
INSERT INTO sys_roles_menus (menu_id, role_id) VALUES (39, 1);
INSERT INTO sys_roles_menus (menu_id, role_id) VALUES (41, 1);
INSERT INTO sys_roles_menus (menu_id, role_id) VALUES (44, 1);
INSERT INTO sys_roles_menus (menu_id, role_id) VALUES (45, 1);
INSERT INTO sys_roles_menus (menu_id, role_id) VALUES (46, 1);
INSERT INTO sys_roles_menus (menu_id, role_id) VALUES (48, 1);
INSERT INTO sys_roles_menus (menu_id, role_id) VALUES (49, 1);
INSERT INTO sys_roles_menus (menu_id, role_id) VALUES (50, 1);
INSERT INTO sys_roles_menus (menu_id, role_id) VALUES (52, 1);
INSERT INTO sys_roles_menus (menu_id, role_id) VALUES (53, 1);
INSERT INTO sys_roles_menus (menu_id, role_id) VALUES (54, 1);
INSERT INTO sys_roles_menus (menu_id, role_id) VALUES (56, 1);
INSERT INTO sys_roles_menus (menu_id, role_id) VALUES (57, 1);
INSERT INTO sys_roles_menus (menu_id, role_id) VALUES (58, 1);
INSERT INTO sys_roles_menus (menu_id, role_id) VALUES (60, 1);
INSERT INTO sys_roles_menus (menu_id, role_id) VALUES (61, 1);
INSERT INTO sys_roles_menus (menu_id, role_id) VALUES (62, 1);
INSERT INTO sys_roles_menus (menu_id, role_id) VALUES (64, 1);
INSERT INTO sys_roles_menus (menu_id, role_id) VALUES (65, 1);
INSERT INTO sys_roles_menus (menu_id, role_id) VALUES (66, 1);
INSERT INTO sys_roles_menus (menu_id, role_id) VALUES (73, 1);
INSERT INTO sys_roles_menus (menu_id, role_id) VALUES (74, 1);
INSERT INTO sys_roles_menus (menu_id, role_id) VALUES (75, 1);
INSERT INTO sys_roles_menus (menu_id, role_id) VALUES (77, 1);
INSERT INTO sys_roles_menus (menu_id, role_id) VALUES (78, 1);
INSERT INTO sys_roles_menus (menu_id, role_id) VALUES (79, 1);
INSERT INTO sys_roles_menus (menu_id, role_id) VALUES (80, 1);
INSERT INTO sys_roles_menus (menu_id, role_id) VALUES (80, 2);
INSERT INTO sys_roles_menus (menu_id, role_id) VALUES (82, 1);
INSERT INTO sys_roles_menus (menu_id, role_id) VALUES (82, 2);
INSERT INTO sys_roles_menus (menu_id, role_id) VALUES (83, 1);
INSERT INTO sys_roles_menus (menu_id, role_id) VALUES (83, 2);
INSERT INTO sys_roles_menus (menu_id, role_id) VALUES (90, 1);
INSERT INTO sys_roles_menus (menu_id, role_id) VALUES (92, 1);
INSERT INTO sys_roles_menus (menu_id, role_id) VALUES (93, 1);
INSERT INTO sys_roles_menus (menu_id, role_id) VALUES (94, 1);
INSERT INTO sys_roles_menus (menu_id, role_id) VALUES (97, 1);
INSERT INTO sys_roles_menus (menu_id, role_id) VALUES (98, 1);
INSERT INTO sys_roles_menus (menu_id, role_id) VALUES (102, 1);
INSERT INTO sys_roles_menus (menu_id, role_id) VALUES (103, 1);
INSERT INTO sys_roles_menus (menu_id, role_id) VALUES (104, 1);
INSERT INTO sys_roles_menus (menu_id, role_id) VALUES (105, 1);
INSERT INTO sys_roles_menus (menu_id, role_id) VALUES (106, 1);
INSERT INTO sys_roles_menus (menu_id, role_id) VALUES (107, 1);
INSERT INTO sys_roles_menus (menu_id, role_id) VALUES (108, 1);
INSERT INTO sys_roles_menus (menu_id, role_id) VALUES (109, 1);
INSERT INTO sys_roles_menus (menu_id, role_id) VALUES (110, 1);
INSERT INTO sys_roles_menus (menu_id, role_id) VALUES (111, 1);
INSERT INTO sys_roles_menus (menu_id, role_id) VALUES (116, 1);
INSERT INTO sys_roles_menus (menu_id, role_id) VALUES (116, 2);
COMMIT;

-- ----------------------------
-- Table structure for sys_user
-- ----------------------------
DROP TABLE IF EXISTS sys_user;
CREATE TABLE if not exists "sys_user"
(
    "user_id" bigint GENERATED BY DEFAULT AS IDENTITY,
    "dept_id" bigint NULL,
    "username" varchar(180) NULL,
    "nick_name" varchar(255) NULL,
    "gender" varchar(2) NULL,
    "phone" varchar(255) NULL,
    "email" varchar(180) NULL,
    "avatar_name" varchar(255) NULL,
    "avatar_path" varchar(255) NULL,
    "password" varchar(255) NULL,
    "is_admin" bit(1) NULL,
    "enabled" bit(1) NULL,
    "create_by" varchar(255) NULL,
    "update_by" varchar(255) NULL,
    "pwd_reset_time" timestamp NULL,
    "create_time" timestamp NULL DEFAULT CURRENT_TIMESTAMP,
    "update_time" timestamp NULL DEFAULT CURRENT_TIMESTAMP
);

COMMENT ON TABLE "sys_user" IS '系统用户';
COMMENT ON COLUMN "sys_user"."user_id" IS 'ID';
COMMENT ON COLUMN "sys_user"."dept_id" IS '部门名称';
COMMENT ON COLUMN "sys_user"."username" IS '用户名';
COMMENT ON COLUMN "sys_user"."nick_name" IS '昵称';
COMMENT ON COLUMN "sys_user"."gender" IS '性别';
COMMENT ON COLUMN "sys_user"."phone" IS '手机号码';
COMMENT ON COLUMN "sys_user"."email" IS '邮箱';
COMMENT ON COLUMN "sys_user"."avatar_name" IS '头像地址';
COMMENT ON COLUMN "sys_user"."avatar_path" IS '头像真实路径';
COMMENT ON COLUMN "sys_user"."password" IS '密码';
COMMENT ON COLUMN "sys_user"."is_admin" IS '是否为admin账号';
COMMENT ON COLUMN "sys_user"."enabled" IS '状态：1启用、0禁用';
COMMENT ON COLUMN "sys_user"."create_by" IS '创建者';
COMMENT ON COLUMN "sys_user"."update_by" IS '更新者';
COMMENT ON COLUMN "sys_user"."pwd_reset_time" IS '修改密码的时间';
COMMENT ON COLUMN "sys_user"."create_time" IS '创建日期';
COMMENT ON COLUMN "sys_user"."update_time" IS '更新时间';

-- 主键
alter table "sys_user"
add constraint pk_sys_user primary key ("user_id");

-- ----------------------------
-- Records of sys_user
-- ----------------------------
BEGIN;
INSERT INTO sys_user (user_id, dept_id, username, nick_name, gender, phone, email, avatar_name, avatar_path, password, is_admin, enabled, create_by, update_by, pwd_reset_time, create_time, update_time) VALUES (1, 2, 'admin', '管理员', '男', '18888888888', '201507802@qq.com', 'avatar-20250122102642222.png', '/Users/jie/Documents/work/private/eladmin/~/avatar/avatar-20250122102642222.png', '$2a$10$Egp1/gvFlt7zhlXVfEFw4OfWQCGPw0ClmMcc6FjTnvXNRVf9zdMRa', b'1', b'1', NULL, 'admin', '2020-05-03 16:38:31', '2018-08-23 09:11:56', '2025-01-22 10:26:42');
INSERT INTO sys_user (user_id, dept_id, username, nick_name, gender, phone, email, avatar_name, avatar_path, password, is_admin, enabled, create_by, update_by, pwd_reset_time, create_time, update_time) VALUES (2, 7, 'test', '测试', '男', '19999999999', '231@qq.com', NULL, NULL, '$2a$10$4XcyudOYTSz6fue6KFNMHeUQnCX5jbBQypLEnGk1PmekXt5c95JcK', b'0', b'1', 'admin', 'admin', NULL, '2020-05-05 11:15:49', '2025-01-21 14:53:04');
COMMIT;

-- ----------------------------
-- Table structure for sys_users_jobs
-- ----------------------------
DROP TABLE IF EXISTS sys_users_jobs;
CREATE TABLE if not exists "sys_users_jobs"
(
    "user_id" bigint NOT NULL,
    "job_id" bigint NOT NULL
);

COMMENT ON TABLE "sys_users_jobs" IS '用户与岗位关联表';
COMMENT ON COLUMN "sys_users_jobs"."user_id" IS '用户ID';
COMMENT ON COLUMN "sys_users_jobs"."job_id" IS '岗位ID';

-- 主键
alter table "sys_users_jobs"
add constraint pk_sys_users_jobs primary key ("user_id","job_id");

-- ----------------------------
-- Records of sys_users_jobs
-- ----------------------------
BEGIN;
INSERT INTO sys_users_jobs (user_id, job_id) VALUES (1, 11);
INSERT INTO sys_users_jobs (user_id, job_id) VALUES (2, 12);
COMMIT;

-- ----------------------------
-- Table structure for sys_users_roles
-- ----------------------------
DROP TABLE IF EXISTS sys_users_roles;
CREATE TABLE if not exists "sys_users_roles"
(
    "user_id" bigint NOT NULL,
    "role_id" bigint NOT NULL
);

COMMENT ON TABLE "sys_users_roles" IS '用户角色关联';
COMMENT ON COLUMN "sys_users_roles"."user_id" IS '用户ID';
COMMENT ON COLUMN "sys_users_roles"."role_id" IS '角色ID';

-- 主键
alter table "sys_users_roles"
add constraint pk_sys_users_roles primary key ("user_id", "role_id");

-- ----------------------------
-- Records of sys_users_roles
-- ----------------------------
BEGIN;
INSERT INTO sys_users_roles (user_id, role_id) VALUES (1, 1);
INSERT INTO sys_users_roles (user_id, role_id) VALUES (2, 2);
COMMIT;

-- ----------------------------
-- Table structure for tool_alipay_config
-- ----------------------------
DROP TABLE IF EXISTS tool_alipay_config;
CREATE TABLE if not exists "tool_alipay_config"
(
    "config_id" bigint GENERATED BY DEFAULT AS IDENTITY,
    "app_id" varchar(255) NULL,
    "charset" varchar(255) NULL,
    "format" varchar(255) NULL,
    "gateway_url" varchar(255) NULL,
    "notify_url" varchar(255) NULL,
    "private_key" text NULL,
    "public_key" text NULL,
    "return_url" varchar(255) NULL,
    "sign_type" varchar(255) NULL,
    "sys_service_provider_id" varchar(255) NULL
);

COMMENT ON TABLE "tool_alipay_config" IS '支付宝配置类';
COMMENT ON COLUMN "tool_alipay_config"."config_id" IS 'ID';
COMMENT ON COLUMN "tool_alipay_config"."app_id" IS '应用ID';
COMMENT ON COLUMN "tool_alipay_config"."charset" IS '编码';
COMMENT ON COLUMN "tool_alipay_config"."format" IS '类型 固定格式json';
COMMENT ON COLUMN "tool_alipay_config"."gateway_url" IS '网关地址';
COMMENT ON COLUMN "tool_alipay_config"."notify_url" IS '异步回调';
COMMENT ON COLUMN "tool_alipay_config"."private_key" IS '私钥';
COMMENT ON COLUMN "tool_alipay_config"."public_key" IS '公钥';
COMMENT ON COLUMN "tool_alipay_config"."return_url" IS '回调地址';
COMMENT ON COLUMN "tool_alipay_config"."sign_type" IS '签名方式';
COMMENT ON COLUMN "tool_alipay_config"."sys_service_provider_id" IS '商户号';

-- 主键
alter table "tool_alipay_config"
add constraint pk_tool_alipay_config primary key ("config_id");

-- ----------------------------
-- Records of tool_alipay_config
-- ----------------------------
BEGIN;
COMMIT;

-- ----------------------------
-- Table structure for tool_email_config
-- ----------------------------
DROP TABLE IF EXISTS tool_email_config;
CREATE TABLE if not exists "tool_email_config"
(
    "config_id" bigint GENERATED BY DEFAULT AS IDENTITY,
    "from_user" varchar(255) NULL,
    "host" varchar(255) NULL,
    "pass" varchar(255) NULL,
    "port" varchar(255) NULL,
    "user" varchar(255) NULL
);

COMMENT ON TABLE "tool_email_config" IS '邮箱配置';
COMMENT ON COLUMN "tool_email_config"."config_id" IS 'ID';
COMMENT ON COLUMN "tool_email_config"."from_user" IS '收件人';
COMMENT ON COLUMN "tool_email_config"."host" IS '邮件服务器SMTP地址';
COMMENT ON COLUMN "tool_email_config"."pass" IS '密码';
COMMENT ON COLUMN "tool_email_config"."port" IS '端口';
COMMENT ON COLUMN "tool_email_config"."user" IS '发件者用户名';

-- 主键
alter table "tool_email_config"
add constraint pk_tool_email_config primary key ("config_id");

-- ----------------------------
-- Records of tool_email_config
-- ----------------------------
BEGIN;
COMMIT;

-- ----------------------------
-- Table structure for tool_local_storage
-- ----------------------------
DROP TABLE IF EXISTS tool_local_storage;
CREATE TABLE if not exists "tool_local_storage"
(
    "storage_id" bigint GENERATED BY DEFAULT AS IDENTITY,
    "real_name" varchar(255) NULL,
    "name" varchar(255) NULL,
    "suffix" varchar(255) NULL,
    "path" varchar(255) NULL,
    "type" varchar(255) NULL,
    "size" varchar(100) NULL,
    "create_by" varchar(255) NULL,
    "update_by" varchar(255) NULL,
    "create_time" timestamp NULL DEFAULT CURRENT_TIMESTAMP,
    "update_time" timestamp NULL DEFAULT CURRENT_TIMESTAMP
);

COMMENT ON TABLE "tool_local_storage" IS '本地存储';
COMMENT ON COLUMN "tool_local_storage"."storage_id" IS 'ID';
COMMENT ON COLUMN "tool_local_storage"."real_name" IS '文件真实的名称';
COMMENT ON COLUMN "tool_local_storage"."name" IS '文件名';
COMMENT ON COLUMN "tool_local_storage"."suffix" IS '后缀';
COMMENT ON COLUMN "tool_local_storage"."path" IS '路径';
COMMENT ON COLUMN "tool_local_storage"."type" IS '类型';
COMMENT ON COLUMN "tool_local_storage"."size" IS '大小';
COMMENT ON COLUMN "tool_local_storage"."create_by" IS '创建者';
COMMENT ON COLUMN "tool_local_storage"."update_by" IS '更新者';
COMMENT ON COLUMN "tool_local_storage"."create_time" IS '创建日期';
COMMENT ON COLUMN "tool_local_storage"."update_time" IS '更新时间';

-- 主键
alter table "tool_local_storage"
add constraint pk_tool_local_storage primary key ("storage_id");

-- ----------------------------
-- Records of tool_local_storage
-- ----------------------------
BEGIN;
COMMIT;

-- ----------------------------
-- Table structure for tool_s3_storage
-- ----------------------------
DROP TABLE IF EXISTS tool_s3_storage;
CREATE TABLE if not exists "tool_s3_storage"
(
    "storage_id" bigint GENERATED BY DEFAULT AS IDENTITY,
    "file_name" varchar(255) NOT NULL,
    "file_real_name" varchar(255) NOT NULL,
    "file_size" varchar(100) NOT NULL,
    "file_mime_type" varchar(50) NOT NULL,
    "file_type" varchar(50) NOT NULL,
    "file_path" varchar(255) NOT NULL,
    "create_by" varchar(255) NOT NULL,
    "update_by" varchar(255) NOT NULL,
    "create_time" timestamp NOT NULL DEFAULT CURRENT_TIMESTAMP,
    "update_time" timestamp NOT NULL DEFAULT CURRENT_TIMESTAMP
);

COMMENT ON TABLE "tool_s3_storage" IS 's3 协议对象存储';
COMMENT ON COLUMN "tool_s3_storage"."storage_id" IS '主键';
COMMENT ON COLUMN "tool_s3_storage"."file_name" IS '文件名称';
COMMENT ON COLUMN "tool_s3_storage"."file_real_name" IS '真实存储的名称';
COMMENT ON COLUMN "tool_s3_storage"."file_size" IS '文件大小';
COMMENT ON COLUMN "tool_s3_storage"."file_mime_type" IS '文件MIME 类型';
COMMENT ON COLUMN "tool_s3_storage"."file_type" IS '文件类型';
COMMENT ON COLUMN "tool_s3_storage"."file_path" IS '文件路径';
COMMENT ON COLUMN "tool_s3_storage"."create_by" IS '创建者';
COMMENT ON COLUMN "tool_s3_storage"."update_by" IS '更新者';
COMMENT ON COLUMN "tool_s3_storage"."create_time" IS '创建日期';
COMMENT ON COLUMN "tool_s3_storage"."update_time" IS '更新时间';

-- 主键
alter table "tool_s3_storage"
add constraint pk_tool_s3_storage primary key ("storage_id");

-- ----------------------------
-- Records of tool_s3_storage
-- ----------------------------
BEGIN;
INSERT INTO tool_s3_storage (storage_id, file_name, file_real_name, file_size, file_mime_type, file_type, file_path, create_by, update_by, create_time, update_time) VALUES (4, 'tx.jpg', '2ca1de24d8fa422eae4ede30e97c46d8.jpg', '29.67KB', 'image/jpeg', 'jpg', '2025-06/2ca1de24d8fa422eae4ede30e97c46d8.jpg', 'admin', 'admin', '2025-06-25 15:48:22', '2025-06-25 15:48:22');
COMMIT;

